Redlist_id,TaxonomicNotes.value,classname,family,genus,infraType,infra_authority,infra_name,internal_taxon_id,internal_taxon_name,kingdom,ordername,phylum,species,taxonomicAuthority,,,
202927,,,ASTERACEAE,Antennaria,,,,,Antennaria dioica,,,,dioica,(L.) Gaertn.,,,
202931,,,ASTERACEAE,Arctium,,,,,Arctium lappa,,,,lappa,L.,,,
202932,,,ASTERACEAE,Artemisia,,,,,Artemisia absinthium,,,,absinthium,L.,,,
202933,,,ASTERACEAE,Artemisia,,,,,Artemisia alba,,,,alba,Turra,,,
162160,,,ASTERACEAE,Artemisia,,,,,Artemisia campestris,,,,campestris,L.,,,
202934,,,ASTERACEAE,Artemisia,,,,,Artemisia santonicum,,,,santonicum,L.,,,
202936,,,ASTERACEAE,Artemisia,,,,,Artemisia vulgaris,,,,vulgaris,L.,,,
202938,,,ASTERACEAE,Aster,,,,,Aster amellus,,,,amellus,L.,,,
202983,,,ASTERACEAE,Chiliadenus,,,,,Chiliadenus glutinosus,,,,glutinosus,(L.) Fourr.,,,
168690,,,ASTERACEAE,Cichorium,,,,,Cichorium intybus,,,,intybus,L.,,,
202978,,,ASTERACEAE,Cnicus,,,,,Cnicus benedictus,,,,benedictus,L.,,,
51179533,,,ASTERACEAE,Cyanus,,,,,Cyanus segetum,,,,segetum,Hill,,,
202979,,,ASTERACEAE,Cynara,,,,,Cynara cardunculus,,,,cardunculus,L.,,,
201543,,,ASTERACEAE,Helichrysum,,,,,Helichrysum arenarium,,,,arenarium,(L.) Moench,,,
202980,,,ASTERACEAE,Helichrysum,,,,,Helichrysum italicum,,,,italicum,(Roth) G.Don,,,
202981,,,ASTERACEAE,Helichrysum,,,,,Helichrysum stoechas,,,,stoechas,(L.) Moench,,,
202982,,,ASTERACEAE,Inula,,,,,Inula helenium,,,,helenium,L.,,,
164487,,,ASTERACEAE,Lactuca,,,,,Lactuca virosa,,,,virosa,L.,,,
202985,,,ASTERACEAE,Matricaria,,,,,Matricaria chamomilla,,,,chamomilla,L.,,,
202986,,,ASTERACEAE,Petasites,,,,,Petasites albus,,,,albus,(L.) Gaertn.,,,
202987,,,ASTERACEAE,Petasites,,,,,Petasites hybridus,,,,hybridus,"(L.) G.Gaertn., B.Mey. &amp; Scherb.",,,
202991,,,ASTERACEAE,Silybum,,,,,Silybum marianum,,,,marianum,(L.) Gaertn.,,,
200513,,,ASTERACEAE,Solidago,,,,,Solidago virgaurea,,,,virgaurea,L.,,,
202993,,,ASTERACEAE,Tanacetum,,,,,Tanacetum parthenium,,,,parthenium,(L.) Sch.Bip.,,,
202994,,,ASTERACEAE,Taraxacum,,,,,Taraxacum officinale,,,,officinale,F.H.Wigg.,,,
202995,,,ASTERACEAE,Tussilago,,,,,Tussilago farfara,,,,farfara,L.,,,
202941,,,BERBERIDACEAE,Berberis,,,,,Berberis vulgaris,,,,vulgaris,L.,,,
62535,,,BETULACEAE,Betula,,,,,Betula pendula,,,,pendula,Roth,,,
194521,,,BETULACEAE,Betula,,,,,Betula pubescens,,,,pubescens,Ehrh.,,,
202920,,,BORAGINACEAE,Alkanna,,,,,Alkanna tinctoria,,,,tinctoria,(L.) Tausch,,,
202942,,,BORAGINACEAE,Borago,,,,,Borago officinalis,,,,officinalis,L.,,,
202969,,,BORAGINACEAE,Symphytum,,,,,Symphytum officinale,,,,officinale,L.,,,
202946,,,BRASSICACEAE,Capsella,,,,,Capsella bursa-pastoris,,,,bursa-pastoris,(L.) Medik.,,,
202999,,,BRASSICACEAE,Cochlearia,,,,,Cochlearia officinalis,,,,officinalis,L.,,,
176385,,,BRASSICACEAE,Lepidium,,,,,Lepidium cartilagineum,,,,cartilagineum,(J.C. Mayer) Thell.,,,
164311,,,BRASSICACEAE,Nasturtium,,,,,Nasturtium officinale,,,,officinale,W.T.Aiton,,,
203000,,,BRASSICACEAE,Sisymbrium,,,,,Sisymbrium officinale,,,,officinale,(L.) Scop.,,,
202944,,,BUXACEAE,Buxus,,,,,Buxus sempervirens,,,,sempervirens,L.,,,
202971,,,CANNABACEAE,Humulus,,,,,Humulus lupulus,,,,lupulus,L.,,,
201537,,,CAPRIFOLIACEAE,Valeriana,,,,,Valeriana officinalis,,,,officinalis,L.,,,
202972,,,CARYOPHYLLACEAE,Dianthus,,,,,Dianthus superbus,,,,superbus,L.,,,
202973,,,CARYOPHYLLACEAE,Gypsophila,,,,,Gypsophila perfoliata,,,,perfoliata,L.,,,
202976,,,CARYOPHYLLACEAE,Herniaria,,,,,Herniaria glabra,,,,glabra,L.,,,
202974,,,CARYOPHYLLACEAE,Saponaria,,,,,Saponaria officinalis,,,,officinalis,L.,,,
202975,,,CARYOPHYLLACEAE,Stellaria,,,,,Stellaria media,,,,media,(L.) Vill.,,,
164421,,,CELASTRACEAE,Parnassia,,,,,Parnassia palustris,,,,palustris,L.,,,
201554,,,CRASSULACEAE,Rhodiola,,,,,Rhodiola rosea,,,,rosea,L.,,,
202996,,,CRASSULACEAE,Sedum,,,,,Sedum acre,,,,acre,L.,,,
202998,,,CRASSULACEAE,Sempervivum,,,,,Sempervivum tectorum,,,,tectorum,L.,,,
42229,,,CUPRESSACEAE,Juniperus,,,,,Juniperus communis,,,,communis,L.,,,
42243,,,CUPRESSACEAE,Juniperus,,,,,Juniperus oxycedrus,,,,oxycedrus,L.,,,
42249,,,CUPRESSACEAE,Juniperus,,,,,Juniperus sabina,,,,sabina,L.,,,
42255,,,CUPRESSACEAE,Juniperus,,,,,Juniperus thurifera,,,,thurifera,L.,,,
30318,,,CUPRESSACEAE,Tetraclinis,,,,,Tetraclinis articulata,,,,articulata,(Vahl) Mast.,,,
203001,,,DIOSCOREACEAE,Dioscorea,,,,,Dioscorea communis,,,,communis,(L.) Caddick &amp; Wilkin,,,
201557,,,DROSERACEAE,Drosera,,,,,Drosera anglica,,,,anglica,Huds.,,,
203002,,,DROSERACEAE,Drosera,,,,,Drosera intermedia,,,,intermedia,Hayne,,,
168798,,,DROSERACEAE,Drosera,,,,,Drosera rotundifolia,,,,rotundifolia,L.,,,
55686342,,,ELAEAGNACEAE,Hippophae,,,,,Hippophae rhamnoides,,,,rhamnoides,L.,,,
201689,,,EPHEDRACEAE,Ephedra,,,,,Ephedra fragilis,,,,fragilis,Desf.,,,
201716,,,EPHEDRACEAE,Ephedra,,,,,Ephedra major,,,,major,Host,,,
167857,,,EQUISETACEAE,Equisetum,,,,,Equisetum arvense,,,,arvense,L.,,,
203003,,,EQUISETACEAE,Equisetum,,,,,Equisetum hyemale,,,,hyemale,L.,,,
203004,,,EQUISETACEAE,Equisetum,,,,,Equisetum telmateia,,,,telmateia,Ehrh.,,,
203005,,,EQUISETACEAE,Equisetum,,,,,Equisetum variegatum,,,,variegatum,Schleich. ex F.Weber &amp; D.Mohr,,,
202930,,,ERICACEAE,Arbutus,,,,,Arbutus unedo,,,,unedo,L.,,,
165148,,,ERICACEAE,Arctostaphylos,,,,,Arctostaphylos uva-ursi,,,,uva-ursi,(L.) Spreng.,,,
202945,,,ERICACEAE,Calluna,,,,,Calluna vulgaris,,,,vulgaris,(L.) Hull,,,
202955,,,ERICACEAE,Chimaphila,,,,,Chimaphila umbellata,,,,umbellata,(L.) W.P.C. Barton,,,
203009,,,ERICACEAE,Rhododendron,,,,,Rhododendron tomentosum,,,,tomentosum,Harmaja,,,
201564,,,ERICACEAE,Vaccinium,,,,,Vaccinium myrtillus,,,,myrtillus,L.,,,
202939,,,FABACEAE,Astragalus,,,,,Astragalus glycyphyllos,,,,glycyphyllos,L.,,,
202951,,,FABACEAE,Ceratonia,,,,,Ceratonia siliqua,,,,siliqua,L.,,,
203352,,,FABACEAE,Galega,,,,,Galega officinalis,,,,officinalis,L.,,,
203353,,,FABACEAE,Glycyrrhiza,,,,,Glycyrrhiza glabra,,,,glabra,L.,,,
88314078,,,FABACEAE,Glycyrrhiza,,,,,Glycyrrhiza uralensis,,,,uralensis,Fisch. ex DC.,,,
174725,,,FABACEAE,Medicago,,,,,Medicago sativa,,,,sativa,L.,,,
176496,,,FABACEAE,Melilotus,,,,,Melilotus albus,,,,albus,Medik.,,,
176557,,,FABACEAE,Melilotus,,,,,Melilotus officinalis,,,,officinalis,(L.) Lam.,,,
203354,,,FABACEAE,Ononis,,,,,Ononis spinosa,,,,spinosa,L.,,,
172155,,,FABACEAE,Pisum,,,,,Pisum sativum,,,,sativum,L.,,,
174713,,,FABACEAE,Trifolium,,,,,Trifolium pratense,,,,pratense,L.,,,
202948,,,FAGACEAE,Castanea,,,,,Castanea sativa,,,,sativa,Mill.,,,
194129,,,FAGACEAE,Quercus,,,,,Quercus frainetto,,,,frainetto,Ten.,,,
62539,,,FAGACEAE,Quercus,,,,,Quercus petraea,,,,petraea,(Matt.) Liebl.,,,
63532,,,FAGACEAE,Quercus,,,,,Quercus robur,,,,robur,L.,,,
202950,,,GENTIANACEAE,Centaurium,,,,,Centaurium erythraea,,,,erythraea,Rafn,,,
203218,,,GENTIANACEAE,Gentiana,,,,,Gentiana asclepiadea,,,,asclepiadea,L.,,,
203219,,,GENTIANACEAE,Gentiana,,,,,Gentiana cruciata,,,,cruciata,L.,,,
162067,,,GENTIANACEAE,Gentiana,,,,,Gentiana lutea,,,,lutea,L.,,,
164379,,,GENTIANACEAE,Gentiana,,,,,Gentiana pneumonanthe,,,,pneumonanthe,L.,,,
203223,,,GERANIACEAE,Geranium,,,,,Geranium sanguineum,,,,sanguineum,L.,,,
203228,,,GROSSULARIACEAE,Ribes,,,,,Ribes nigrum,,,,nigrum,L.,,,
203230,,,HYPERICACEAE,Hypericum,,,,,Hypericum elegans,,,,elegans,Stephan ex Willd.,,,
203231,,,HYPERICACEAE,Hypericum,,,,,Hypericum perforatum,,,,perforatum,L.,,,
162048,,,IRIDACEAE,Iris,,,,,Iris aphylla,,,,aphylla,L.,,,
203233,,,IRIDACEAE,Iris,,,,,Iris lutescens,,,,lutescens,Lam.,,,
163999,,,IRIDACEAE,Iris,,,,,Iris pseudacorus,,,,pseudacorus,L.,,,
203235,,,IRIDACEAE,Iris,,,,,Iris pumila,,,,pumila,L.,,,
203236,,,IRIDACEAE,Iris,,,,,Iris sibirica,,,,sibirica,L.,,,
200242,,,IRIDACEAE,Iris,,,,,Iris spuria,,,,spuria,L.,,,
203237,,,IRIDACEAE,Iris,,,,,Iris xiphium,,,,xiphium,L.,,,
202940,,,LAMIACEAE,Ballota,,,,,Ballota nigra,,,,nigra,L.,,,
14961652,,,LAMIACEAE,Clinopodium,,,,,Clinopodium alpinum,,,,alpinum,(L.) Kuntze,,,
203250,,,LAMIACEAE,Clinopodium,,,,,Clinopodium serpyllifolium subsp. fruticosum,,,,serpyllifolium,(L.) Bräuchler,,,
203240,,,LAMIACEAE,Glechoma,,,,,Glechoma hederacea,,,,hederacea,L.,,,
203242,,,LAMIACEAE,Hyssopus,,,,,Hyssopus officinalis,,,,officinalis,L.,,,
203243,,,LAMIACEAE,Lamium,,,,,Lamium album,,,,album,L.,,,
203246,,,LAMIACEAE,Leonurus,,,,,Leonurus cardiaca,,,,cardiaca,L.,,,
203247,,,LAMIACEAE,Marrubium,,,,,Marrubium vulgare,,,,vulgare,L.,,,
203248,,,LAMIACEAE,Melissa,,,,,Melissa officinalis,,,,officinalis,L.,,,
164256,,,LAMIACEAE,Mentha,,,,,Mentha pulegium,,,,pulegium,L.,,,
203251,,,LAMIACEAE,Nepeta,,,,,Nepeta cataria,,,,cataria,L.,,,
203252,,,LAMIACEAE,Origanum,,,,,Origanum onites,,,,onites,L.,,,
203254,,,LAMIACEAE,Origanum,,,,,Origanum vulgare subsp. virens,,,,vulgare,(Hoffmanns. &amp; Link) Ietsw.,,,
203255,,,LAMIACEAE,Phlomis,,,,,Phlomis crinita,,,,crinita,Cav.,,,
203256,,,LAMIACEAE,Prunella,,,,,Prunella vulgaris,,,,vulgaris,L.,,,
203257,,,LAMIACEAE,Rosmarinus,,,,,Rosmarinus officinalis,,,,officinalis,L.,,,
203258,,,LAMIACEAE,Salvia,,,,,Salvia fruticosa,,,,fruticosa,Mill.,,,
203262,,,LAMIACEAE,Salvia,,,,,Salvia sclarea,,,,sclarea,L.,,,
203263,,,LAMIACEAE,Salvia,,,,,Salvia tomentosa,,,,tomentosa,Mill.,,,
55688535,,,LAMIACEAE,Satureja,,,,,Satureja cuneifolia,,,,cuneifolia,Ten.,,,
203264,,,LAMIACEAE,Satureja,,,,,Satureja hortensis,,,,hortensis,L.,,,
209112283,,,LAMIACEAE,Satureja,,,,,Satureja montana,,,,montana,L.,,,
203266,,,LAMIACEAE,Sideritis,,,,,Sideritis arborescens,,,,arborescens,Salzm. ex Benth.,,,
203272,,,LAMIACEAE,Sideritis,,,,,Sideritis syriaca,,,,syriaca,L.,,,
203273,,,LAMIACEAE,Stachys,,,,,Stachys officinalis,,,,officinalis,(L.) Trevis.,,,
203274,,,LAMIACEAE,Stachys,,,,,Stachys palustris,,,,palustris,L.,,,
203275,,,LAMIACEAE,Teucrium,,,,,Teucrium botrys,,,,botrys,L.,,,
203276,,,LAMIACEAE,Teucrium,,,,,Teucrium chamaedrys,,,,chamaedrys,L.,,,
203342,,,LAMIACEAE,Teucrium,,,,,Teucrium montanum,,,,montanum,L.,,,
203343,,,LAMIACEAE,Teucrium,,,,,Teucrium scorodonia,,,,scorodonia,L.,,,
203238,,,LAMIACEAE,Thymbra,,,,,Thymbra capitata,,,,capitata,(L.) Cav.,,,
203345,,,LAMIACEAE,Thymus,,,,,Thymus hyemalis,,,,hyemalis,Lange,,,
203347,,,LAMIACEAE,Thymus,,,,,Thymus serpyllum,,,,serpyllum,L.,,,
203349,,,LAMIACEAE,Thymus,,,,,Thymus zygis,,,,zygis,L.,,,
203350,,,LAMIACEAE,Vitex,,,,,Vitex agnus-castus,,,,agnus-castus,L.,,,
203351,,,LAURACEAE,Laurus,,,,,Laurus nobilis,,,,nobilis,L.,,,
175287,,,LENTIBULARIACEAE,Pinguicula,,,,,Pinguicula vulgaris,,,,vulgaris,L.,,,
203356,,,LILIACEAE,Lilium,,,,,Lilium candidum,,,,candidum,L.,,,
201585,,,LILIACEAE,Lilium,,,,,Lilium martagon,,,,martagon,L.,,,
203357,,,LYCOPODIACEAE,Huperzia,,,,,Huperzia selago,,,,selago,(L.) Bernh. ex Schrank &amp; Mart.,,,
165243,,,LYCOPODIACEAE,Lycopodium,,,,,Lycopodium clavatum,,,,clavatum,L.,,,
164323,,,LYTHRACEAE,Lythrum,,,,,Lythrum salicaria,,,,salicaria,L.,,,
164153,,,LYTHRACEAE,Trapa,,,,,Trapa natans,,,,natans,L.,,,
202921,,,MALVACEAE,Althaea,,,,,Althaea officinalis,,,,officinalis,L.,,,
203358,,,MALVACEAE,Malva,,,,,Malva neglecta,,,,neglecta,Wallr.,,,
203359,,,MALVACEAE,Malva,,,,,Malva sylvestris,,,,sylvestris,L.,,,
203360,,,MALVACEAE,Tilia,,,,,Tilia cordata,,,,cordata,Mill.,,,
203362,,,MALVACEAE,Tilia,,,,,Tilia tomentosa,,,,tomentosa,Moench,,,
203363,,,MELANTHIACEAE,Paris,,,,,Paris quadrifolia,,,,quadrifolia,L.,,,
203364,,,MELANTHIACEAE,Veratrum,,,,,Veratrum album,,,,album,L.,,,
163993,,,MENYANTHACEAE,Menyanthes,,,,,Menyanthes trifoliata,,,,trifoliata,L.,,,
203365,,,MYRTACEAE,Myrtus,,,,,Myrtus communis,,,,communis,L.,,,
164316,,,NYMPHAEACEAE,Nuphar,,,,,Nuphar lutea,,,,lutea,(L.) SM.,,,
164237,,,NYMPHAEACEAE,Nymphaea,,,,,Nymphaea alba,,,,alba,L.,,,
203366,,,OLEACEAE,Fraxinus,,,,,Fraxinus angustifolia,,,,angustifolia,Vahl,,,
203367,,,OLEACEAE,Fraxinus,,,,,Fraxinus excelsior,,,,excelsior,L.,,,
63005,,,OLEACEAE,Olea,,,,,Olea europaea,,,,europaea,L.,,,
164450,,,ONAGRACEAE,Epilobium,,,,,Epilobium parviflorum,,,,parviflorum,Schreber,,,
203369,,,ONOCLEACEAE,Onoclea,,,,,Onoclea struthiopteris,,,,struthiopteris,(L.) Roth.,,,
55696211,,,OPHIOGLOSSACEAE,Botrychium,,,,,Botrychium lunaria,,,,lunaria,(L.) Sw.,,,
175922,,,ORCHIDACEAE,Anacamptis,,,,,Anacamptis coriophora,,,,coriophora,"(L.) R.M.Bateman, Pridgeon &amp; M.W.Chase",,,
164122,,,ORCHIDACEAE,Anacamptis,,,,,Anacamptis laxiflora,,,,laxiflora,(Lam.) R.M.Bateman &amp; Pridgeon &amp; Chase,,,
175968,,,ORCHIDACEAE,Anacamptis,,,,,Anacamptis papilionacea,,,,papilionacea,"(L.) R.M.Bateman, Pridgeon &amp; M.W.Chase",,,
175924,,,ORCHIDACEAE,Anacamptis,,,,,Anacamptis pyramidalis,,,,pyramidalis,(L.) Rich.,,,
176022,,,ORCHIDACEAE,Anacamptis,,,,,Anacamptis sancta,,,,sancta,"(L.) R.M.Bateman, Pridgeon &amp; M.W.Chase",,,
203370,,,ORCHIDACEAE,Cypripedium,,,,,Cypripedium guttatum,,,,guttatum,Sw.,,,
176002,,,ORCHIDACEAE,Dactylorhiza,,,,,Dactylorhiza iberica,,,,iberica,(M.Bieb. ex Willd.) Soó,,,
199617,,,ORCHIDACEAE,Dactylorhiza,,,,,Dactylorhiza romana,,,,romana,(Sebast.) Soó,,,
175992,,,ORCHIDACEAE,Epipactis,,,,,Epipactis helleborine,,,,helleborine,(L.) Crantz,,,
175969,,,ORCHIDACEAE,Gymnadenia,,,,,Gymnadenia conopsea,,,,conopsea,(L.) R.Br. in W.T.Aiton,,,
176044,,,ORCHIDACEAE,Himantoglossum,,,,,Himantoglossum comperianum,,,,comperianum,(Steven) P.Delforge,,,
175926,,,ORCHIDACEAE,Himantoglossum,,,,,Himantoglossum robertianum,,,,robertianum,(Loisel.) P.Delforge,,,
175949,,,ORCHIDACEAE,Neotinea,,,,,Neotinea maculata,,,,maculata,(Desf.) Stearn,,,
176000,,,ORCHIDACEAE,Neotinea,,,,,Neotinea tridentata,,,,tridentata,"(Scop.) R.M.Bateman, Pridgeon &amp; M.W.Chase",,,
175930,,,ORCHIDACEAE,Ophrys,,,,,Ophrys bombyliflora,,,,bombyliflora,Link,,,
176033,,,ORCHIDACEAE,Ophrys,,,,,Ophrys ferrum-equinum,,,,ferrum-equinum,Desf.,,,
175974,,,ORCHIDACEAE,Ophrys,,,,,Ophrys fuciflora,,,,fuciflora,(F.W.Schmidt) Moench,,,
175999,,,ORCHIDACEAE,Ophrys,,,,,Ophrys fusca,,,,fusca,Link,,,
175920,,,ORCHIDACEAE,Ophrys,,,,,Ophrys lutea,,,,lutea,Cav.,,,
175991,,,ORCHIDACEAE,Ophrys,,,,,Ophrys reinholdii,,,,reinholdii,Spruner ex Fleischm.,,,
165203,,,ORCHIDACEAE,Ophrys,,,,,Ophrys scolopax,,,,scolopax,Cav.,,,
176011,,,ORCHIDACEAE,Ophrys,,,,,Ophrys speculum,,,,speculum,Link,,,
175956,,,ORCHIDACEAE,Ophrys,,,,,Ophrys tenthredinifera,,,,tenthredinifera,Willd.,,,
175985,,,ORCHIDACEAE,Ophrys,,,,,Ophrys umbilicata,,,,umbilicata,Desf.,,,
175976,,,ORCHIDACEAE,Orchis,,,,,Orchis anatolica,,,,anatolica,Boiss.,,,
176017,,,ORCHIDACEAE,Orchis,,,,,Orchis anthropophora,,,,anthropophora,(L.) All.,,,
175953,,,ORCHIDACEAE,Orchis,,,,,Orchis italica,,,,italica,Poir.,,,
176027,,,ORCHIDACEAE,Orchis,,,,,Orchis militaris,,,,militaris,L.,,,
175921,,,ORCHIDACEAE,Orchis,,,,,Orchis pallens,,,,pallens,L.,,,
165158,,,ORCHIDACEAE,Orchis,,,,,Orchis provincialis,,,,provincialis,Balb.,,,
175986,,,ORCHIDACEAE,Orchis,,,,,Orchis purpurea,,,,purpurea,Huds.,,,
175980,,,ORCHIDACEAE,Orchis,,,,,Orchis simia,,,,simia,Lam.,,,
175982,,,ORCHIDACEAE,Orchis,,,,,Orchis spitzelii,,,,spitzelii,Saut. ex W.D.J.Koch,,,
175964,,,ORCHIDACEAE,Platanthera,,,,,Platanthera chlorantha,,,,chlorantha,(Custer) Rchb. in J.C.Mössler &amp; H.G.L.Reichenbach,,,
175954,,,ORCHIDACEAE,Serapias,,,,,Serapias vomeracea,,,,vomeracea,(Burm.f.) Briq.,,,
175950,,,ORCHIDACEAE,Traunsteinera,,,,,Traunsteinera globosa,,,,globosa,(L.) Rchb.,,,
203371,,,OROBANCHACEAE,Euphrasia,,,,,Euphrasia rostkoviana,,,,rostkoviana,Hayne,,,
164368,,,OSMUNDACEAE,Osmunda,,,,,Osmunda regalis,,,,regalis,L.,,,
203376,,,PAEONIACEAE,Paeonia,,,,,Paeonia mascula,,,,mascula,(L.) Mill.,,,
203377,,,PAEONIACEAE,Paeonia,,,,,Paeonia peregrina,,,,peregrina,Mill.,,,
202954,,,PAPAVERACEAE,Chelidonium,,,,,Chelidonium majus,,,,majus,L.,,,
203380,,,PAPAVERACEAE,Fumaria,,,,,Fumaria officinalis,,,,officinalis,L.,,,
165436,,,PAPAVERACEAE,Glaucium,,,,,Glaucium flavum,,,,flavum,Crantz,,,
203378,,,PAPAVERACEAE,Papaver,,,,,Papaver rhoeas,,,,rhoeas,L.,,,
203379,,,PAPAVERACEAE,Papaver,,,,,Papaver somniferum,,,,somniferum,L.,,,
42390,,,PINACEAE,Pinus,,,,,Pinus pinaster,,,,pinaster,Aiton,,,
42418,,,PINACEAE,Pinus,,,,,Pinus sylvestris,,,,sylvestris,L.,,,
203381,,,PLANTAGINACEAE,Digitalis,,,,,Digitalis grandiflora,,,,grandiflora,Mill.,,,
203382,,,PLANTAGINACEAE,Digitalis,,,,,Digitalis lanata,,,,lanata,Ehrh.,,,
203383,,,PLANTAGINACEAE,Digitalis,,,,,Digitalis purpurea,,,,purpurea,L.,,,
203384,,,PLANTAGINACEAE,Globularia,,,,,Globularia alypum,,,,alypum,L.,,,
203385,,,PLANTAGINACEAE,Globularia,,,,,Globularia cordifolia,,,,cordifolia,L.,,,
164396,,,PLANTAGINACEAE,Gratiola,,,,,Gratiola officinalis,,,,officinalis,L.,,,
203386,,,PLANTAGINACEAE,Plantago,,,,,Plantago afra,,,,afra,L.,,,
203387,,,PLANTAGINACEAE,Plantago,,,,,Plantago arenaria,,,,arenaria,Waldst. &amp; Kit.,,,
203388,,,PLANTAGINACEAE,Plantago,,,,,Plantago lanceolata,,,,lanceolata,L.,,,
168960,,,PLANTAGINACEAE,Plantago,,,,,Plantago major,,,,major,L.,,,
203389,,,PLANTAGINACEAE,Plantago,,,,,Plantago maxima,,,,maxima,Juss. ex Jacq.,,,
55699973,,,PLANTAGINACEAE,Plantago,,,,,Plantago ovata,,,,ovata,Forssk.,,,
203390,,,PLANTAGINACEAE,Veronica,,,,,Veronica officinalis,,,,officinalis,L.,,,
203392,,,POLYGALACEAE,Polygala,,,,,Polygala major,,,,major,Jacq.,,,
164084,,,POLYGONACEAE,Persicaria,,,,,Persicaria bistorta,,,,bistorta,(L.) Samp.,,,
163977,,,POLYGONACEAE,Persicaria,,,,,Persicaria hydropiper,,,,hydropiper,(L.) Delarbre,,,
203393,,,POLYGONACEAE,Polygonum,,,,,Polygonum aviculare,,,,aviculare,L.,,,
203395,,,POLYGONACEAE,Rumex,,,,,Rumex acetosella,,,,acetosella,L.,,,
203396,,,POLYGONACEAE,Rumex,,,,,Rumex alpinus,,,,alpinus,L.,,,
164226,,,POLYGONACEAE,Rumex,,,,,Rumex crispus,,,,crispus,L.,,,
203397,,,POLYPODIACEAE,Polypodium,,,,,Polypodium vulgare,,,,vulgare,L.,,,
196748,,,PRIMULACEAE,Cyclamen,,,,,Cyclamen hederifolium,,,,hederifolium,Aiton,,,
55704431,,,PRIMULACEAE,Primula,,,,,Primula elatior,,,,elatior,(L.) Hill,,,
203398,,,PRIMULACEAE,Primula,,,,,Primula farinosa,,,,farinosa,L.,,,
203399,,,PRIMULACEAE,Primula,,,,,Primula veris,,,,veris,L.,,,
164082,,,PTERIDACEAE,Adiantum,,,,,Adiantum capillus-veneris,,,,capillus-veneris,L.,,,
202912,,,RANUNCULACEAE,Aconitum,,,,,Aconitum lycoctonum,,,,lycoctonum,L.,,,
202913,,,RANUNCULACEAE,Actaea,,,,,Actaea spicata,,,,spicata,L.,,,
165187,,,RANUNCULACEAE,Adonis,,,,,Adonis vernalis,,,,vernalis,L.,,,
203400,,,RANUNCULACEAE,Delphinium,,,,,Delphinium staphisagria,,,,staphisagria,L.,,,
164471,,,RANUNCULACEAE,Ficaria,,,,,Ficaria verna,,,,verna,Huds.,,,
203401,,,RANUNCULACEAE,Helleborus,,,,,Helleborus foetidus,,,,foetidus,L.,,,
203403,,,RANUNCULACEAE,Hepatica,,,,,Hepatica nobilis,,,,nobilis,Mill.,,,
164056,,,RHAMNACEAE,Frangula,,,,,Frangula alnus,,,,alnus,Mill.,,,
202915,,,ROSACEAE,Agrimonia,,,,,Agrimonia eupatoria,,,,eupatoria,L.,,,
202916,,,ROSACEAE,Alchemilla,,,,,Alchemilla acutiloba,,,,acutiloba,Opiz,,,
202917,,,ROSACEAE,Alchemilla,,,,,Alchemilla crinita,,,,crinita,Buser,,,
202918,,,ROSACEAE,Alchemilla,,,,,Alchemilla mollis,,,,mollis,(Buser) Rothm.,,,
202928,,,ROSACEAE,Aphanes,,,,,Aphanes arvensis,,,,arvensis,L.,,,
64321666,,,ROSACEAE,Argentina,,,,,Argentina anserina,,,,anserina,(L.) Rydb.,,,
33987,,,ROSACEAE,Crataegus,,,,,Crataegus azarolus,,,,azarolus,L.,,,
203426,,,ROSACEAE,Crataegus,,,,,Crataegus monogyna,,,,monogyna,Jacq.,,,
203428,,,ROSACEAE,Crataegus,,,,,Crataegus pentagyna,,,,pentagyna,Waldst. &amp; Kit. ex Willd.,,,
203433,,,ROSACEAE,Filipendula,,,,,Filipendula ulmaria,,,,ulmaria,(L.) Maxim.,,,
203434,,,ROSACEAE,Filipendula,,,,,Filipendula vulgaris,,,,vulgaris,Moench,,,
172072,,,ROSACEAE,Fragaria,,,,,Fragaria vesca,,,,vesca,L.,,,
203436,,,ROSACEAE,Geum,,,,,Geum urbanum,,,,urbanum,L.,,,
50049710,,,ROSACEAE,Malus,,,,,Malus orientalis,,,,orientalis,Uglitzk.,,,
203438,,,ROSACEAE,Potentilla,,,,,Potentilla erecta,,,,erecta,(L.) Raeusch.,,,
172194,,,ROSACEAE,Prunus,,,,,Prunus spinosa,,,,spinosa,L.,,,
203446,,,ROSACEAE,Rosa,,,,,Rosa agrestis,,,,agrestis,Savi,,,
203447,,,ROSACEAE,Rosa,,,,,Rosa canina,,,,canina,L.,,,
203448,,,ROSACEAE,Rosa,,,,,Rosa gallica,,,,gallica,L.,,,
55741716,,,ROSACEAE,Rosa,,,,,Rosa marginata,,,,marginata,Wallr.,,,
203450,,,ROSACEAE,Rosa,,,,,Rosa rubiginosa,,,,rubiginosa,L.,,,
203451,,,ROSACEAE,Rosa,,,,,Rosa stylosa,,,,stylosa,Desv.,,,
203452,,,ROSACEAE,Rosa,,,,,Rosa tomentosa,,,,tomentosa,Sm.,,,
203453,,,ROSACEAE,Rosa,,,,,Rosa villosa,,,,villosa,L.,,,
203454,,,ROSACEAE,Rubus,,,,,Rubus caesius,,,,caesius,L.,,,
203455,,,ROSACEAE,Rubus,,,,,Rubus fruticosus,,,,fruticosus,L.,,,
203456,,,ROSACEAE,Rubus,,,,,Rubus idaeus,,,,idaeus,L.,,,
203458,,,ROSACEAE,Sanguisorba,,,,,Sanguisorba officinalis,,,,officinalis,L.,,,
203459,,,RUBIACEAE,Galium,,,,,Galium aparine,,,,aparine,L.,,,
203460,,,RUBIACEAE,Galium,,,,,Galium odoratum,,,,odoratum,(L.) Scop.,,,
203461,,,RUBIACEAE,Galium,,,,,Galium verum,,,,verum,L.,,,
203463,,,RUTACEAE,Dictamnus,,,,,Dictamnus albus,,,,albus,L.,,,
203462,,,RUTACEAE,Ruta,,,,,Ruta graveolens,,,,graveolens,L.,,,
203464,,,SALICACEAE,Populus,,,,,Populus alba,,,,alba,L.,,,
203465,,,SALICACEAE,Salix,,,,,Salix alba,,,,alba,L.,,,
203470,,,SALICACEAE,Salix,,,,,Salix fragilis,,,,fragilis,L.,,,
203471,,,SALICACEAE,Salix,,,,,Salix purpurea,,,,purpurea,L.,,,
203473,,,SANTALACEAE,Viscum,,,,,Viscum album,,,,album,L.,,,
203474,,,SAXIFRAGACEAE,Chrysosplenium,,,,,Chrysosplenium alternifolium,,,,alternifolium,L.,,,
203475,,,SCROPHULARIACEAE,Scrophularia,,,,,Scrophularia nodosa,,,,nodosa,L.,,,
203476,,,SCROPHULARIACEAE,Verbascum,,,,,Verbascum densiflorum,,,,densiflorum,Bertol.,,,
203478,,,SCROPHULARIACEAE,Verbascum,,,,,Verbascum phlomoides,,,,phlomoides,L.,,,
203479,,,SCROPHULARIACEAE,Verbascum,,,,,Verbascum thapsus,,,,thapsus,L.,,,
203480,,,SMILACACEAE,Smilax,,,,,Smilax aspera,,,,aspera,L.,,,
162391,,,SOLANACEAE,Atropa,,,,,Atropa baetica,,,,baetica,Willk.,,,
203481,,,SOLANACEAE,Physalis,,,,,Physalis alkekengi,,,,alkekengi,L.,,,
203482,,,SOLANACEAE,Scopolia,,,,,Scopolia carniolica,,,,carniolica,Jacq.,,,
203483,,,SOLANACEAE,Solanum,,,,,Solanum dulcamara,,,,dulcamara,L.,,,
203484,,,SOLANACEAE,Withania,,,,,Withania somnifera,,,,somnifera,(L.) Dunal,,,
203485,,,THYMELAEACEAE,Daphne,,,,,Daphne laureola,,,,laureola,L.,,,
203486,,,THYMELAEACEAE,Daphne,,,,,Daphne mezereum,,,,mezereum,L.,,,
167815,,,URTICACEAE,Urtica,,,,,Urtica dioica,,,,dioica,L.,,,
203490,,,URTICACEAE,Urtica,,,,,Urtica urens,,,,urens,L.,,,
164308,,,VERBENACEAE,Verbena,,,,,Verbena officinalis,,,,officinalis,L.,,,
202956,,,VIBURNACEAE,Sambucus,,,,,Sambucus ebulus,,,,ebulus,L.,,,
61684,,,VIBURNACEAE,Sambucus,,,,,Sambucus nigra,,,,nigra,Lour.,,,
202957,,,VIBURNACEAE,Viburnum,,,,,Viburnum opulus,,,,opulus,L.,,,
203493,,,VIOLACEAE,Viola,,,,,Viola arvensis,,,,arvensis,Murray,,,
203494,,,VIOLACEAE,Viola,,,,,Viola canina,,,,canina,L.,,,
203495,,,VIOLACEAE,Viola,,,,,Viola odorata,,,,odorata,L.,,,
203496,,,VIOLACEAE,Viola,,,,,Viola tricolor,,,,tricolor,L.,,,
63537,,,VITACEAE,Vitis,,,,,Vitis vinifera,,,,vinifera,L.,,,
203497,,,ZYGOPHYLLACEAE,Tribulus,,,,,Tribulus terrestris,,,,terrestris,L.,,,
